,,,Diff,Diff,Diff,Sample,Sample,Sample,Sims,Sims,Sims
Crash,,,20% crash,40% crash,Any decrease,20% crash,40% crash,Any decrease,20% crash,40% crash,Any decrease
Point,Date,Quantile,,,,,,,,,
Point 1,2006-05,0.48,-0.021,-0.035,-0.008,0.506,0.523,0.49,0.528,0.558,0.499
Point 2,2006-09,0.9642105263157895,0.185,0.186,0.206,0.514,0.438,0.635,0.329,0.253,0.429
Point 3,2007-02,0.9894736842105263,0.257,0.258,0.269,0.589,0.559,0.623,0.333,0.301,0.354
Point 4,2007-03,0.9936842105263158,0.287,0.237,0.278,0.588,0.563,0.614,0.301,0.326,0.336
Point 5,2007-05,0.9978947368421053,0.286,0.236,0.282,0.586,0.551,0.608,0.3,0.315,0.326
Point 6,2011-02,0.9663157894736842,0.083,0.083,0.087,0.405,0.334,0.521,0.322,0.251,0.435
