"r","s","phi","psi","df","scale"
1,1,0.617062379728722,0.777070127450962,1.49474196142594,402.939552934085
