"r","s","phi","psi","df","scale","phi_se","psi_se"
1,1,0.617062379728722,0.777070127450962,1.49474196142594,402.939552934085,0.0169074701095693,0.0133880219062986
